CustomerID,Churn_Probability,Monthly_Charges_INR,State,City_Tier,Tenure_Months,Plan_Type,Contract_Type,Num_Support_Calls,Network_Quality,Satisfaction_Score
CUST_03244,0.969881754439789,754.87,Karnataka,Tier 1,1,Prepaid,Monthly Recharge,4,2,2
CUST_01231,0.9560935083525021,1100.49,Telangana,Tier 2,1,Prepaid,Monthly Recharge,3,3,2
CUST_04239,0.954764356307845,673.52,Karnataka,Tier 3,1,Prepaid,Monthly Recharge,3,4,2
CUST_02736,0.9517914860169596,720.93,Karnataka,Tier 2,2,Prepaid,Monthly Recharge,3,2,2
CUST_04242,0.9498987651473904,700.14,Rajasthan,Tier 2,1,Prepaid,Monthly Recharge,2,4,2
CUST_03506,0.9497726029765627,675.15,Tamil Nadu,Tier 2,6,Prepaid,Monthly Recharge,2,2,1
CUST_04804,0.9488475391924541,842.47,Maharashtra,Tier 1,1,Prepaid,Monthly Recharge,2,3,2
CUST_02609,0.9487560378669792,544.47,Delhi,Tier 2,1,Prepaid,Monthly Recharge,1,2,3
CUST_02936,0.947316129918999,347.5,Uttar Pradesh,Tier 3,1,Prepaid,Monthly Recharge,0,2,2
CUST_01965,0.9421681862760395,566.96,West Bengal,Tier 2,2,Prepaid,Monthly Recharge,1,4,2
CUST_01320,0.9407587912994723,800.14,Delhi,Tier 2,1,Prepaid,Annual Recharge,4,1,1
CUST_00196,0.9395798320487981,852.08,Maharashtra,Tier 2,4,Prepaid,Monthly Recharge,3,1,2
CUST_00060,0.9394888765140665,595.51,Delhi,Tier 2,3,Prepaid,Quarterly Recharge,3,1,2
CUST_04385,0.9383516345897583,1040.39,Uttar Pradesh,Tier 3,1,Prepaid,Monthly Recharge,2,2,2
CUST_02333,0.9377039929654268,891.35,Punjab,Tier 3,1,Prepaid,Quarterly Recharge,3,1,2
CUST_03436,0.9360300917843839,617.28,Punjab,Tier 3,1,Prepaid,Monthly Recharge,3,3,3
CUST_04500,0.9342563026957706,1214.17,Gujarat,Tier 2,1,Prepaid,Monthly Recharge,3,3,3
CUST_00372,0.9338068944566779,974.67,Bihar,Tier 3,8,Prepaid,Monthly Recharge,1,2,2
CUST_00578,0.9323464205666514,1258.13,Haryana,Tier 1,1,Prepaid,Monthly Recharge,3,2,3
CUST_03411,0.9319172173634254,661.72,Uttar Pradesh,Tier 3,1,Prepaid,Monthly Recharge,1,1,3
CUST_02261,0.9285020531354797,628.39,Gujarat,Tier 1,1,Prepaid,Monthly Recharge,3,5,2
CUST_01756,0.9205033964495419,615.9,Tamil Nadu,Tier 2,1,Prepaid,Monthly Recharge,0,2,3
CUST_03578,0.9175446560542252,845.61,Gujarat,Tier 2,1,Prepaid,Quarterly Recharge,2,2,2
CUST_02992,0.9175074570404754,831.64,Tamil Nadu,Tier 2,1,Prepaid,Quarterly Recharge,3,2,2
CUST_00521,0.9164311920501746,923.72,West Bengal,Tier 2,3,Postpaid,Monthly Bill,0,2,2
CUST_00513,0.9159557131126482,1205.91,Tamil Nadu,Tier 1,1,Prepaid,Monthly Recharge,1,2,3
CUST_01623,0.9151893094774939,577.65,Tamil Nadu,Tier 1,1,Prepaid,Monthly Recharge,3,4,2
CUST_00079,0.9142723372242855,568.99,Uttar Pradesh,Tier 2,1,Prepaid,Annual Recharge,1,2,2
CUST_04039,0.9139944312993393,747.18,Maharashtra,Tier 2,1,Prepaid,Monthly Recharge,1,4,2
CUST_02384,0.9137221346014918,541.25,Maharashtra,Tier 3,2,Prepaid,Monthly Recharge,1,3,3
CUST_03454,0.9134700607752928,972.8,Haryana,Tier 2,4,Prepaid,Monthly Recharge,0,2,2
CUST_02326,0.9132199119477855,582.23,Delhi,Tier 3,1,Prepaid,Quarterly Recharge,0,4,3
CUST_02851,0.9129339397019118,1313.8,Uttar Pradesh,Tier 3,1,Prepaid,Monthly Recharge,1,1,5
CUST_01050,0.9128376527060902,501.63,Karnataka,Tier 3,5,Prepaid,Monthly Recharge,2,3,2
CUST_02632,0.9103727729003736,990.67,Haryana,Tier 1,1,Postpaid,Monthly Bill,1,4,2
CUST_02645,0.9102464280273275,766.91,Maharashtra,Tier 3,1,Prepaid,Annual Recharge,3,1,2
CUST_00695,0.9092622573775246,806.11,West Bengal,Tier 2,1,Postpaid,Monthly Bill,0,1,1
CUST_04440,0.908934919351117,877.55,Rajasthan,Tier 3,1,Prepaid,Monthly Recharge,3,3,5
CUST_00711,0.9088729414320804,718.68,Tamil Nadu,Tier 2,4,Prepaid,Quarterly Recharge,3,2,1
CUST_00365,0.9079130581022674,717.41,Karnataka,Tier 3,1,Prepaid,Monthly Recharge,1,3,5
CUST_03814,0.9078114466189282,488.44,Maharashtra,Tier 3,1,Prepaid,Monthly Recharge,1,4,2
CUST_00300,0.9069350768813568,1281.21,Tamil Nadu,Tier 2,1,Postpaid,Monthly Bill,1,3,1
CUST_04067,0.906199161378687,731.71,Madhya Pradesh,Tier 3,1,Prepaid,Monthly Recharge,1,3,3
CUST_01516,0.9042855766476364,547.87,Uttar Pradesh,Tier 3,1,Prepaid,Monthly Recharge,1,5,3
CUST_01015,0.9040406184094193,591.22,Rajasthan,Tier 3,2,Prepaid,Monthly Recharge,2,4,2
CUST_00660,0.9038813348329889,351.39,Maharashtra,Tier 1,14,Prepaid,Monthly Recharge,3,1,2
CUST_03674,0.8998266796634232,1000.88,Karnataka,Tier 1,1,Prepaid,Monthly Recharge,1,4,2
CUST_02577,0.8994355243986809,602.87,Gujarat,Tier 3,3,Prepaid,Monthly Recharge,3,2,4
CUST_04198,0.8991729846600948,927.56,Maharashtra,Tier 1,2,Prepaid,Monthly Recharge,3,3,2
CUST_02179,0.8991531379699734,470.23,Maharashtra,Tier 3,4,Prepaid,Monthly Recharge,2,3,5
CUST_02262,0.8988172358644356,340.05,Delhi,Tier 1,2,Prepaid,Monthly Recharge,5,4,3
CUST_02559,0.8966875943376078,371.02,Gujarat,Tier 1,5,Prepaid,Quarterly Recharge,4,3,2
CUST_03060,0.8940987659334537,1008.04,West Bengal,Tier 2,1,Prepaid,Quarterly Recharge,0,4,2
CUST_04746,0.8937483599169939,619.66,Delhi,Tier 3,1,Prepaid,Quarterly Recharge,1,5,2
CUST_03774,0.8937321749258292,649.31,Karnataka,Tier 2,1,Prepaid,Monthly Recharge,1,5,2
CUST_03828,0.893238583329646,676.86,West Bengal,Tier 3,2,Prepaid,Monthly Recharge,2,4,3
CUST_01699,0.892657321321035,664.04,Maharashtra,Tier 3,1,Prepaid,Annual Recharge,1,3,2
CUST_04251,0.8922599677269619,594.61,Karnataka,Tier 1,2,Postpaid,Annual Contract,1,2,1
CUST_04792,0.892050634032457,590.61,Tamil Nadu,Tier 3,1,Prepaid,Monthly Recharge,4,3,5
CUST_02496,0.8900728076414741,707.11,Karnataka,Tier 2,1,Prepaid,Monthly Recharge,1,4,3
CUST_00188,0.8896786101608243,567.23,Maharashtra,Tier 2,2,Prepaid,Monthly Recharge,3,3,2
CUST_03879,0.8894598260485623,519.34,West Bengal,Tier 3,1,Prepaid,Monthly Recharge,4,4,4
CUST_01679,0.88929768107748,1105.62,Bihar,Tier 1,4,Postpaid,Monthly Bill,0,2,1
CUST_00473,0.8856864988276644,729.35,Maharashtra,Tier 2,3,Prepaid,Monthly Recharge,4,2,3
CUST_00359,0.8845032755165846,193.42,Delhi,Tier 3,5,Prepaid,Monthly Recharge,3,3,5
CUST_01719,0.884401888793331,969.91,Maharashtra,Tier 1,3,Postpaid,Annual Contract,1,1,2
CUST_02941,0.8833351284289861,581.89,Karnataka,Tier 3,14,Prepaid,Monthly Recharge,1,2,4
CUST_03758,0.8831817340899375,752.76,Uttar Pradesh,Tier 2,5,Prepaid,Monthly Recharge,3,2,2
CUST_03214,0.8821464783260314,1042.48,Rajasthan,Tier 3,1,Postpaid,Monthly Bill,0,5,3
CUST_00387,0.881238255261879,953.38,West Bengal,Tier 2,4,Prepaid,Monthly Recharge,2,3,1
CUST_04303,0.8807689228768334,787.73,Madhya Pradesh,Tier 3,1,Prepaid,Monthly Recharge,1,4,3
CUST_00531,0.8807000618606958,942.54,Maharashtra,Tier 3,17,Prepaid,Monthly Recharge,0,3,1
CUST_04113,0.880517800055362,651.78,Uttar Pradesh,Tier 2,1,Prepaid,Monthly Recharge,5,3,3
CUST_02552,0.8802852185918999,512.23,Maharashtra,Tier 2,3,Prepaid,Monthly Recharge,2,3,1
CUST_02595,0.8784585748733793,585.8,Tamil Nadu,Tier 2,2,Prepaid,Monthly Recharge,3,4,2
CUST_02746,0.8781173634727003,758.21,Madhya Pradesh,Tier 3,3,Prepaid,Monthly Recharge,1,1,3
CUST_03486,0.8760734455344682,756.01,Maharashtra,Tier 2,2,Prepaid,Monthly Recharge,1,3,2
CUST_02128,0.873690427011109,580.44,Kerala,Tier 1,5,Prepaid,Monthly Recharge,1,4,2
CUST_00870,0.8735784789054992,931.61,Maharashtra,Tier 2,1,Prepaid,Quarterly Recharge,2,4,2
CUST_01859,0.8731882879388951,953.69,Gujarat,Tier 2,12,Prepaid,Monthly Recharge,1,2,2
CUST_01373,0.8726282033147529,409.87,Uttar Pradesh,Tier 3,5,Prepaid,Monthly Recharge,0,4,3
CUST_02075,0.8719139270179455,823.9,Karnataka,Tier 2,3,Postpaid,Monthly Bill,2,1,3
CUST_02848,0.8719047581635151,621.14,Tamil Nadu,Tier 3,2,Prepaid,Monthly Recharge,2,5,3
CUST_03117,0.8717587926658461,759.07,Uttar Pradesh,Tier 2,4,Prepaid,Monthly Recharge,3,3,2
CUST_03324,0.8696249101614093,519.69,Bihar,Tier 2,3,Prepaid,Monthly Recharge,2,5,2
CUST_01552,0.8691924447505538,872.13,Tamil Nadu,Tier 2,1,Prepaid,Monthly Recharge,4,3,2
CUST_04901,0.8684557193729345,712.86,Maharashtra,Tier 2,1,Prepaid,Monthly Recharge,4,4,3
CUST_03980,0.8670098040249395,711.23,Madhya Pradesh,Tier 1,4,Prepaid,Monthly Recharge,2,5,2
CUST_03438,0.8661038439961942,775.87,West Bengal,Tier 3,3,Prepaid,Monthly Recharge,1,2,3
CUST_02080,0.865706019375078,636.72,Uttar Pradesh,Tier 3,29,Prepaid,Monthly Recharge,4,2,4
CUST_01930,0.8641233357911801,355.68,Bihar,Tier 3,3,Prepaid,Monthly Recharge,0,4,3
CUST_00277,0.8627679892083926,723.09,Karnataka,Tier 1,2,Prepaid,Monthly Recharge,3,4,1
CUST_04873,0.8622123930322412,609.18,Telangana,Tier 1,4,Prepaid,Monthly Recharge,1,4,2
CUST_04411,0.8615377172223965,795.96,Rajasthan,Tier 1,2,Prepaid,Monthly Recharge,4,4,3
CUST_01394,0.8606850939769786,682.23,Delhi,Tier 2,3,Prepaid,Monthly Recharge,2,5,2
CUST_04548,0.860239508218217,824.55,Karnataka,Tier 2,1,Prepaid,Monthly Recharge,2,4,3
CUST_02296,0.8596152411191139,375.52,Karnataka,Tier 1,3,Prepaid,Monthly Recharge,3,5,1
CUST_03740,0.8594852913924257,710.11,West Bengal,Tier 2,11,Prepaid,Monthly Recharge,2,1,2
CUST_04431,0.8579782652939032,369.24,Rajasthan,Tier 3,2,Prepaid,Quarterly Recharge,1,3,3
CUST_02674,0.8573003291196949,1397.46,Bihar,Tier 1,1,Prepaid,Monthly Recharge,2,3,2
CUST_03995,0.8570794375701833,959.28,Maharashtra,Tier 1,1,Prepaid,Monthly Recharge,0,4,1
CUST_00420,0.8556248173473251,691.83,West Bengal,Tier 2,1,Prepaid,Monthly Recharge,1,4,3
CUST_02804,0.8553592308484641,808.23,Gujarat,Tier 3,22,Prepaid,Monthly Recharge,1,1,1
CUST_01723,0.8523386763760854,550.92,Madhya Pradesh,Tier 2,5,Prepaid,Monthly Recharge,1,5,2
CUST_00972,0.8523103972459749,796.73,Bihar,Tier 3,1,Postpaid,Monthly Bill,0,3,3
CUST_01278,0.8517491158695735,978.04,Delhi,Tier 2,1,Postpaid,Monthly Bill,1,2,3
CUST_04684,0.8513785138980698,1544.68,Bihar,Tier 3,4,Postpaid,Monthly Bill,2,3,2
CUST_02489,0.8507908105547984,672.21,Gujarat,Tier 2,1,Prepaid,Monthly Recharge,1,5,3
CUST_02312,0.8493526169512569,855.47,Rajasthan,Tier 2,3,Prepaid,Quarterly Recharge,1,4,2
CUST_02506,0.8491611766557716,814.56,West Bengal,Tier 3,1,Prepaid,Monthly Recharge,1,2,4
CUST_00842,0.8487542934745533,337.68,Gujarat,Tier 1,1,Prepaid,Monthly Recharge,4,3,3
CUST_04414,0.8485110288111454,1140.29,Maharashtra,Tier 2,4,Prepaid,Monthly Recharge,7,5,1
CUST_03670,0.84719167034592,1023.82,Karnataka,Tier 2,1,Postpaid,Monthly Bill,0,4,2
CUST_03870,0.8470979609157816,360.39,Uttar Pradesh,Tier 1,1,Prepaid,Monthly Recharge,1,4,3
CUST_04530,0.8470940972740513,341.1,Maharashtra,Tier 1,3,Prepaid,Monthly Recharge,2,4,1
CUST_01657,0.8465617671784007,876.96,Maharashtra,Tier 1,1,Prepaid,Monthly Recharge,2,4,3
CUST_01333,0.8465532044952173,603.57,Tamil Nadu,Tier 2,4,Prepaid,Monthly Recharge,5,5,1
CUST_02987,0.8461961777786808,1068.72,Rajasthan,Tier 2,3,Prepaid,Quarterly Recharge,1,2,2
CUST_04935,0.8460041331257899,327.68,Tamil Nadu,Tier 2,1,Prepaid,Quarterly Recharge,1,5,2
CUST_03312,0.84544424182497,693.48,Gujarat,Tier 3,2,Prepaid,Monthly Recharge,3,3,4
CUST_01596,0.8447315966892245,847.75,Madhya Pradesh,Tier 2,1,Prepaid,Monthly Recharge,3,5,3
CUST_03221,0.8446825602733593,752.68,West Bengal,Tier 2,5,Postpaid,Monthly Bill,2,1,3
CUST_03932,0.8424310053443379,388.86,Gujarat,Tier 2,4,Prepaid,Quarterly Recharge,2,5,2
CUST_01232,0.8422571913118483,786.85,Maharashtra,Tier 3,1,Prepaid,Monthly Recharge,3,4,1
CUST_04088,0.841410628388261,644.49,Telangana,Tier 2,1,Prepaid,Monthly Recharge,4,1,4
CUST_04629,0.8411352051125277,1078.28,Rajasthan,Tier 3,1,Prepaid,Quarterly Recharge,4,3,3
CUST_01616,0.8410606306150786,741.25,Madhya Pradesh,Tier 2,18,Prepaid,Quarterly Recharge,3,2,2
CUST_02738,0.8402937690014984,1012.2,Haryana,Tier 2,1,Prepaid,Quarterly Recharge,4,4,1
CUST_00415,0.8394168828507397,705.57,West Bengal,Tier 3,1,Prepaid,Monthly Recharge,3,3,4
CUST_01919,0.8392386059296735,1029.54,Karnataka,Tier 3,1,Prepaid,Monthly Recharge,2,3,3
CUST_01380,0.8391405079670099,1064.7,Maharashtra,Tier 2,1,Prepaid,Monthly Recharge,2,3,1
CUST_03439,0.8384637610162727,988.88,Madhya Pradesh,Tier 2,1,Prepaid,Monthly Recharge,3,4,2
CUST_02305,0.8374143783574648,646.59,West Bengal,Tier 3,3,Prepaid,Monthly Recharge,2,2,4
CUST_00062,0.8371627405841835,748.49,Telangana,Tier 3,1,Prepaid,Monthly Recharge,3,3,4
CUST_03207,0.8368971136538977,1136.27,Karnataka,Tier 1,2,Postpaid,Annual Contract,7,1,1
CUST_04299,0.836474005797735,579.76,Uttar Pradesh,Tier 1,18,Prepaid,Monthly Recharge,1,1,2
CUST_04604,0.8362537409306924,662.93,Punjab,Tier 2,4,Prepaid,Monthly Recharge,2,4,2
CUST_01022,0.8357541908548363,150.0,Kerala,Tier 1,3,Prepaid,Monthly Recharge,2,2,3
CUST_03615,0.8356679043134692,320.44,Gujarat,Tier 2,1,Prepaid,Monthly Recharge,2,5,3
CUST_01703,0.8352661931805643,809.27,Rajasthan,Tier 2,2,Prepaid,Monthly Recharge,3,4,1
CUST_00254,0.8349107737154363,537.45,Rajasthan,Tier 2,4,Prepaid,Quarterly Recharge,2,4,2
CUST_04698,0.8338499005535434,377.11,Uttar Pradesh,Tier 1,2,Prepaid,Annual Recharge,3,1,1
CUST_00283,0.8337844906718355,1277.4,Haryana,Tier 1,1,Postpaid,Monthly Bill,3,2,3
CUST_03625,0.8330198957383057,1103.55,West Bengal,Tier 2,2,Prepaid,Monthly Recharge,3,3,1
CUST_02498,0.8328869422485394,681.38,Bihar,Tier 3,1,Prepaid,Monthly Recharge,4,5,4
CUST_03282,0.8308550598840657,684.58,Tamil Nadu,Tier 1,1,Prepaid,Monthly Recharge,0,5,3
CUST_00136,0.8307921424890494,862.37,Karnataka,Tier 2,1,Prepaid,Quarterly Recharge,2,4,3
CUST_00532,0.8307841974168036,883.25,Maharashtra,Tier 1,2,Prepaid,Monthly Recharge,1,5,1
CUST_02422,0.8307680726570003,689.38,Madhya Pradesh,Tier 1,1,Prepaid,Monthly Recharge,3,5,3
CUST_03636,0.8299609379777546,434.63,West Bengal,Tier 3,1,Postpaid,Monthly Bill,2,4,3
CUST_00827,0.8292408991526231,305.09,West Bengal,Tier 2,16,Prepaid,Monthly Recharge,0,3,2
CUST_04447,0.8291179645437811,803.23,Delhi,Tier 1,1,Prepaid,Annual Recharge,3,1,2
CUST_01462,0.8290568156980419,819.73,West Bengal,Tier 2,1,Prepaid,Monthly Recharge,2,3,3
CUST_04924,0.8279184846744904,601.04,Telangana,Tier 3,12,Prepaid,Quarterly Recharge,2,3,1
CUST_04747,0.82760968760577,580.9,Delhi,Tier 1,1,Prepaid,Monthly Recharge,3,4,3
CUST_00769,0.8275832716206393,648.39,Delhi,Tier 1,2,Prepaid,Monthly Recharge,4,1,5
CUST_01978,0.8274294277907751,476.88,Rajasthan,Tier 1,3,Prepaid,Quarterly Recharge,1,1,3
CUST_01941,0.8269044613033504,520.4,West Bengal,Tier 1,4,Prepaid,Annual Recharge,7,1,4
CUST_00485,0.8268635407383277,877.0,Haryana,Tier 1,1,Prepaid,Monthly Recharge,1,4,2
CUST_01630,0.8268625345237431,702.87,Delhi,Tier 3,2,Prepaid,Quarterly Recharge,1,5,3
CUST_03323,0.8265451457703987,957.97,Karnataka,Tier 3,2,Prepaid,Quarterly Recharge,0,5,2
CUST_04449,0.8262277905160297,830.77,Rajasthan,Tier 2,1,Prepaid,Monthly Recharge,4,5,3
CUST_01010,0.8260236112592216,1242.85,Madhya Pradesh,Tier 2,1,Postpaid,Monthly Bill,2,3,2
CUST_01073,0.825511856075263,701.55,Bihar,Tier 1,1,Prepaid,Monthly Recharge,0,3,3
CUST_01893,0.8253092649245232,1037.73,Maharashtra,Tier 3,3,Prepaid,Monthly Recharge,3,2,5
CUST_01066,0.8250274452514376,756.91,West Bengal,Tier 3,1,Prepaid,Quarterly Recharge,2,4,4
CUST_03316,0.8249330780126831,801.15,West Bengal,Tier 2,4,Prepaid,Quarterly Recharge,0,3,2
CUST_03665,0.824873025777518,680.34,West Bengal,Tier 2,2,Prepaid,Quarterly Recharge,1,2,3
CUST_03963,0.8246457514263742,692.42,Rajasthan,Tier 3,9,Prepaid,Monthly Recharge,3,2,5
CUST_02033,0.8239663501802263,1234.26,Madhya Pradesh,Tier 1,1,Prepaid,Monthly Recharge,3,3,5
CUST_04597,0.8238222717011072,1046.22,Punjab,Tier 2,3,Postpaid,Annual Contract,1,1,2
CUST_02773,0.8229305830217446,526.11,Madhya Pradesh,Tier 3,1,Prepaid,Monthly Recharge,1,3,5
CUST_00143,0.8228584575040745,1211.01,Tamil Nadu,Tier 2,1,Prepaid,Monthly Recharge,3,4,3
CUST_04818,0.8224559298829855,733.98,Delhi,Tier 2,4,Prepaid,Monthly Recharge,4,5,3
CUST_01852,0.8220356290063963,812.96,Haryana,Tier 3,1,Prepaid,Monthly Recharge,0,5,3
CUST_02741,0.8212537833558483,940.49,Gujarat,Tier 3,4,Prepaid,Monthly Recharge,0,5,3
CUST_03981,0.8211561448428022,784.16,Maharashtra,Tier 3,3,Prepaid,Quarterly Recharge,0,4,2
CUST_04437,0.8211495298292875,588.16,Delhi,Tier 2,5,Prepaid,Monthly Recharge,4,3,3
CUST_02863,0.8201449941399112,834.29,Telangana,Tier 2,1,Prepaid,Monthly Recharge,3,4,3
CUST_03016,0.8199746349021569,843.84,Uttar Pradesh,Tier 1,1,Postpaid,Monthly Bill,0,5,2
CUST_02894,0.81844118751598,1024.3,Maharashtra,Tier 2,1,Postpaid,Monthly Bill,1,4,2
CUST_01922,0.8183954746176302,1356.31,Tamil Nadu,Tier 1,1,Prepaid,Monthly Recharge,2,3,5
CUST_01730,0.8181836278812099,601.94,Gujarat,Tier 3,3,Prepaid,Monthly Recharge,1,4,4
CUST_03066,0.8171702435727338,854.03,Uttar Pradesh,Tier 2,1,Prepaid,Monthly Recharge,3,4,3
CUST_00227,0.8163477386267152,517.74,Punjab,Tier 2,13,Prepaid,Monthly Recharge,2,2,3
CUST_01686,0.8158552540395433,779.18,Punjab,Tier 1,3,Postpaid,Monthly Bill,1,1,3
CUST_01666,0.8156425425163405,687.32,Maharashtra,Tier 2,4,Prepaid,Monthly Recharge,1,4,3
CUST_04342,0.8152825293081079,507.52,Gujarat,Tier 1,1,Prepaid,Monthly Recharge,1,2,3
CUST_04772,0.8152624379151961,915.27,Kerala,Tier 2,7,Prepaid,Monthly Recharge,2,1,2
CUST_00327,0.8148640802223421,1072.76,Rajasthan,Tier 3,4,Prepaid,Monthly Recharge,4,4,2
CUST_01206,0.814275121168445,1544.83,Uttar Pradesh,Tier 3,5,Postpaid,Monthly Bill,1,3,2
CUST_04120,0.813795719420336,590.57,Uttar Pradesh,Tier 2,1,Prepaid,Monthly Recharge,2,3,3
CUST_01465,0.8137780144366666,906.57,Gujarat,Tier 3,1,Prepaid,Monthly Recharge,0,4,4
CUST_02199,0.8118757289489651,613.34,Uttar Pradesh,Tier 2,2,Prepaid,Monthly Recharge,1,3,3
CUST_04714,0.8118324472533219,534.85,Kerala,Tier 1,17,Prepaid,Quarterly Recharge,2,2,2
CUST_01310,0.8118029889553521,679.24,Uttar Pradesh,Tier 3,1,Prepaid,Quarterly Recharge,4,3,4
CUST_00806,0.811680125457734,643.85,Bihar,Tier 3,8,Prepaid,Quarterly Recharge,6,2,2
CUST_00282,0.8112753288502914,678.65,Maharashtra,Tier 1,1,Prepaid,Monthly Recharge,2,5,3
CUST_03037,0.811216988409065,1171.33,Kerala,Tier 1,1,Prepaid,Monthly Recharge,4,4,1
CUST_03030,0.8108864852751206,930.11,Uttar Pradesh,Tier 2,1,Prepaid,Monthly Recharge,3,5,3
CUST_01264,0.810736461698232,709.09,Gujarat,Tier 3,22,Prepaid,Monthly Recharge,3,3,5
CUST_04081,0.8097194518877134,701.78,Karnataka,Tier 3,12,Prepaid,Monthly Recharge,2,3,2
CUST_01677,0.8096547800111196,1201.84,Telangana,Tier 3,8,Prepaid,Monthly Recharge,2,2,4
CUST_04559,0.8096145186394316,1185.91,Delhi,Tier 1,1,Prepaid,Monthly Recharge,0,4,2
CUST_00045,0.8095625264358178,938.32,Uttar Pradesh,Tier 1,4,Prepaid,Quarterly Recharge,3,3,1
CUST_00993,0.8094678820261341,1085.39,Haryana,Tier 3,1,Prepaid,Quarterly Recharge,1,5,2
CUST_04973,0.8093968234096863,576.08,Tamil Nadu,Tier 3,7,Prepaid,Monthly Recharge,4,1,3
CUST_04819,0.809185578551099,321.53,Gujarat,Tier 1,4,Prepaid,Monthly Recharge,2,5,3
CUST_04219,0.808963126552263,1346.72,Tamil Nadu,Tier 2,2,Prepaid,Monthly Recharge,5,3,2
CUST_03991,0.8086807171535633,575.42,Rajasthan,Tier 1,1,Prepaid,Monthly Recharge,3,5,3
CUST_01836,0.8086731629329438,692.44,Uttar Pradesh,Tier 3,7,Prepaid,Monthly Recharge,4,3,1
CUST_02680,0.8086368763132353,594.56,Karnataka,Tier 1,5,Prepaid,Monthly Recharge,2,4,2
CUST_03992,0.8082369939930477,920.98,Karnataka,Tier 3,2,Postpaid,Annual Contract,0,4,3
CUST_04193,0.8064342338976019,1094.69,West Bengal,Tier 3,3,Prepaid,Monthly Recharge,2,4,3
CUST_00765,0.8064002756341042,752.8,Uttar Pradesh,Tier 3,1,Prepaid,Monthly Recharge,2,4,5
CUST_04488,0.8059719871582491,720.68,Gujarat,Tier 2,1,Prepaid,Monthly Recharge,1,4,2
CUST_00250,0.8056819920630192,628.47,Rajasthan,Tier 3,1,Prepaid,Monthly Recharge,1,4,5
CUST_04326,0.8055881602934374,805.2,Maharashtra,Tier 2,2,Prepaid,Monthly Recharge,1,4,3
CUST_01856,0.8055436363142557,551.41,Tamil Nadu,Tier 2,4,Prepaid,Quarterly Recharge,2,4,1
CUST_04677,0.8055207574065029,618.23,Tamil Nadu,Tier 3,3,Prepaid,Monthly Recharge,4,4,4
CUST_02596,0.8053375522653257,714.95,Punjab,Tier 3,8,Prepaid,Monthly Recharge,3,2,4
CUST_00862,0.8051969838964339,1073.18,Karnataka,Tier 2,11,Prepaid,Monthly Recharge,1,1,2
CUST_02812,0.8050032223907754,1350.1,Delhi,Tier 3,1,Postpaid,Monthly Bill,4,4,3
CUST_02419,0.8044734094179922,919.88,Karnataka,Tier 3,1,Prepaid,Monthly Recharge,1,4,3
CUST_04265,0.8042433465985287,1176.01,Tamil Nadu,Tier 3,3,Prepaid,Monthly Recharge,3,4,2
CUST_02608,0.804072766219999,1123.33,Karnataka,Tier 3,1,Prepaid,Monthly Recharge,4,3,5
CUST_01735,0.8028514092480291,561.68,Uttar Pradesh,Tier 3,26,Prepaid,Monthly Recharge,1,2,5
CUST_00268,0.8027308704388255,474.38,Madhya Pradesh,Tier 3,1,Postpaid,Monthly Bill,2,3,3
CUST_04190,0.8023454341845813,1110.05,Karnataka,Tier 1,1,Prepaid,Quarterly Recharge,1,4,2
CUST_00610,0.8015155796157912,968.78,Madhya Pradesh,Tier 1,1,Prepaid,Monthly Recharge,4,4,2
CUST_04144,0.8003123007931705,742.62,Karnataka,Tier 1,1,Prepaid,Monthly Recharge,1,4,1
CUST_04967,0.8001181952442664,916.62,Tamil Nadu,Tier 3,1,Prepaid,Monthly Recharge,4,4,4
CUST_00348,0.7991082871716157,759.72,Delhi,Tier 3,1,Prepaid,Monthly Recharge,5,4,4
CUST_03658,0.7990533032859075,670.06,Tamil Nadu,Tier 2,5,Prepaid,Monthly Recharge,1,3,4
CUST_00309,0.7990477765472465,792.99,Delhi,Tier 2,5,Prepaid,Monthly Recharge,0,4,2
CUST_01578,0.7986388845285185,614.07,Maharashtra,Tier 3,12,Prepaid,Monthly Recharge,6,2,5
CUST_00959,0.7973218522892777,729.34,Delhi,Tier 2,2,Prepaid,Monthly Recharge,0,4,1
CUST_04382,0.7972284336032996,276.46,Kerala,Tier 2,12,Prepaid,Monthly Recharge,1,4,2
CUST_04894,0.7971993405115838,1258.9,Madhya Pradesh,Tier 2,1,Prepaid,Monthly Recharge,3,4,3
CUST_02624,0.7959580622154876,314.38,Tamil Nadu,Tier 3,14,Prepaid,Monthly Recharge,0,5,2
CUST_00861,0.7959286799900072,1354.51,Madhya Pradesh,Tier 1,2,Postpaid,Monthly Bill,2,2,3
CUST_00563,0.7952919452610124,802.93,Telangana,Tier 3,2,Prepaid,Monthly Recharge,1,4,1
CUST_00175,0.794896088627413,642.44,Maharashtra,Tier 3,1,Prepaid,Monthly Recharge,1,4,4
CUST_00478,0.7946392450942339,688.26,Karnataka,Tier 2,1,Prepaid,Monthly Recharge,1,1,5
CUST_01446,0.7941771848452287,873.79,Punjab,Tier 2,2,Prepaid,Quarterly Recharge,1,3,2
CUST_03014,0.7941660118712045,570.48,Tamil Nadu,Tier 3,20,Prepaid,Monthly Recharge,4,1,3
CUST_04799,0.7939602929836015,865.62,Karnataka,Tier 2,3,Prepaid,Monthly Recharge,4,2,3
CUST_03563,0.7934746904711282,422.95,Maharashtra,Tier 3,3,Prepaid,Quarterly Recharge,1,5,3
CUST_02051,0.7932227083445108,599.12,Gujarat,Tier 2,3,Prepaid,Quarterly Recharge,3,4,3
CUST_00666,0.7931666919451177,454.96,Maharashtra,Tier 2,1,Prepaid,Monthly Recharge,2,5,3
CUST_00774,0.792042273939998,647.28,Karnataka,Tier 3,4,Prepaid,Monthly Recharge,2,4,3
CUST_03252,0.7919687807162163,977.5,Karnataka,Tier 3,1,Prepaid,Monthly Recharge,1,2,4
CUST_03946,0.7919310622899265,606.72,Madhya Pradesh,Tier 3,9,Prepaid,Monthly Recharge,1,1,3
CUST_00333,0.7915533741542553,571.96,Telangana,Tier 2,5,Prepaid,Monthly Recharge,1,5,2
CUST_02814,0.7905071065572892,866.15,Karnataka,Tier 3,2,Prepaid,Monthly Recharge,3,4,4
CUST_01648,0.7897236569245715,802.64,Haryana,Tier 1,2,Prepaid,Monthly Recharge,3,3,3
CUST_02011,0.789464284396999,662.99,West Bengal,Tier 3,10,Prepaid,Monthly Recharge,3,3,2
CUST_02740,0.7887956398907401,875.71,Rajasthan,Tier 2,1,Prepaid,Monthly Recharge,3,5,3
CUST_01587,0.7887576664982185,1255.03,Uttar Pradesh,Tier 2,1,Postpaid,Annual Contract,1,3,3
CUST_02893,0.7887537160449598,829.59,Maharashtra,Tier 1,8,Prepaid,Monthly Recharge,2,2,2
CUST_01365,0.7886318036589921,1128.63,West Bengal,Tier 3,1,Prepaid,Quarterly Recharge,2,4,3
CUST_02258,0.7885869500611484,1045.85,Punjab,Tier 3,1,Postpaid,Monthly Bill,3,4,1
CUST_02702,0.7867847130823984,1026.56,Uttar Pradesh,Tier 2,1,Prepaid,Monthly Recharge,2,4,3
CUST_03837,0.7866488765159518,546.96,Kerala,Tier 1,1,Prepaid,Monthly Recharge,2,2,4
CUST_03043,0.7862019823680163,1338.23,Delhi,Tier 1,1,Prepaid,Monthly Recharge,3,4,5
CUST_03443,0.7861706930248671,723.39,Uttar Pradesh,Tier 1,27,Prepaid,Monthly Recharge,1,2,3
CUST_00685,0.7857458719322632,641.94,Uttar Pradesh,Tier 1,32,Prepaid,Monthly Recharge,3,3,2
CUST_00833,0.7856753691090558,1295.86,Gujarat,Tier 3,4,Prepaid,Monthly Recharge,1,3,2
CUST_01993,0.7851206422836874,245.74,Tamil Nadu,Tier 1,23,Prepaid,Monthly Recharge,3,4,2
CUST_03896,0.7841405097476232,834.22,Gujarat,Tier 1,7,Prepaid,Monthly Recharge,3,2,5
CUST_04687,0.7841349976923077,1148.08,Maharashtra,Tier 2,1,Prepaid,Monthly Recharge,2,5,2
CUST_01097,0.7835276966499916,874.87,Punjab,Tier 2,1,Prepaid,Quarterly Recharge,3,2,3
CUST_02808,0.7832463920072531,741.28,Uttar Pradesh,Tier 2,6,Prepaid,Quarterly Recharge,1,2,2
CUST_03158,0.7827479495726091,761.47,Maharashtra,Tier 1,3,Prepaid,Monthly Recharge,3,3,3
CUST_02250,0.7823980580449288,659.8,Maharashtra,Tier 1,2,Prepaid,Quarterly Recharge,1,3,3
CUST_01476,0.7819613497211636,1083.55,Gujarat,Tier 1,4,Postpaid,Annual Contract,2,2,1
CUST_04988,0.7816992036021556,1053.91,Kerala,Tier 3,7,Prepaid,Quarterly Recharge,2,2,3
CUST_01294,0.7812779547987291,741.96,Telangana,Tier 3,1,Prepaid,Monthly Recharge,3,1,4
CUST_02829,0.7807755804629054,621.38,West Bengal,Tier 3,18,Prepaid,Monthly Recharge,1,2,4
CUST_02780,0.7802501386705937,536.05,Tamil Nadu,Tier 2,6,Prepaid,Monthly Recharge,2,1,3
CUST_03205,0.7801759546303649,727.5,Tamil Nadu,Tier 3,10,Prepaid,Monthly Recharge,1,1,4
CUST_01776,0.7793327364538063,972.2,West Bengal,Tier 1,5,Prepaid,Monthly Recharge,3,4,1
CUST_02188,0.7791045936208253,634.05,Punjab,Tier 3,2,Prepaid,Quarterly Recharge,6,2,5
CUST_00152,0.7782785299294191,787.18,Uttar Pradesh,Tier 2,1,Prepaid,Monthly Recharge,1,2,4
CUST_03285,0.7779880229464657,769.92,Punjab,Tier 3,1,Prepaid,Monthly Recharge,1,4,4
CUST_00955,0.7778796223439454,1015.5,Uttar Pradesh,Tier 2,2,Prepaid,Quarterly Recharge,1,1,3
CUST_03492,0.777402531432425,875.2,Telangana,Tier 1,1,Prepaid,Quarterly Recharge,4,4,3
CUST_02792,0.7773552381665234,1144.85,Maharashtra,Tier 2,1,Prepaid,Monthly Recharge,3,4,3
CUST_04783,0.7766610176499092,711.76,Delhi,Tier 1,5,Prepaid,Monthly Recharge,1,2,4
CUST_01398,0.7761870654142694,791.52,Karnataka,Tier 2,5,Prepaid,Quarterly Recharge,2,3,1
CUST_04577,0.7757016435940035,670.82,Kerala,Tier 2,5,Prepaid,Quarterly Recharge,1,1,2
CUST_03617,0.7744787273947913,651.27,Kerala,Tier 2,5,Prepaid,Monthly Recharge,1,4,1
CUST_04393,0.7742143217299233,852.51,Tamil Nadu,Tier 3,3,Prepaid,Monthly Recharge,2,3,2
CUST_00771,0.7731824366968316,887.41,Kerala,Tier 2,1,Prepaid,Monthly Recharge,1,2,4
CUST_01062,0.7731144001545192,779.6,Karnataka,Tier 2,1,Postpaid,Annual Contract,2,2,3
CUST_00863,0.7721378155598196,332.52,Delhi,Tier 1,23,Prepaid,Monthly Recharge,1,4,2
CUST_01011,0.7718672487711546,603.3,Karnataka,Tier 2,3,Prepaid,Monthly Recharge,2,4,3
CUST_04508,0.7712105382070774,1000.16,Tamil Nadu,Tier 3,1,Prepaid,Monthly Recharge,2,5,4
CUST_02317,0.769872323665305,697.84,Maharashtra,Tier 3,14,Prepaid,Monthly Recharge,2,1,4
CUST_01317,0.7696767938744621,588.21,Delhi,Tier 2,17,Prepaid,Monthly Recharge,5,2,4
CUST_02663,0.7692128241435563,1181.33,Tamil Nadu,Tier 2,6,Prepaid,Quarterly Recharge,0,1,1
CUST_04913,0.7691170814119435,1012.74,Telangana,Tier 1,1,Prepaid,Monthly Recharge,1,2,4
CUST_00472,0.768756943113809,740.82,Maharashtra,Tier 3,9,Prepaid,Annual Recharge,3,2,2
CUST_02316,0.7680551828788911,346.76,Delhi,Tier 1,4,Prepaid,Monthly Recharge,6,4,3
CUST_02830,0.7679121412787692,1123.13,Uttar Pradesh,Tier 3,2,Prepaid,Monthly Recharge,4,4,3
CUST_03045,0.7666109293092416,1156.05,Haryana,Tier 2,6,Prepaid,Quarterly Recharge,2,2,2
CUST_02130,0.7663238802375322,797.8,Gujarat,Tier 3,1,Prepaid,Monthly Recharge,2,5,5
CUST_02095,0.7661594975424767,1058.84,Maharashtra,Tier 3,55,Prepaid,Monthly Recharge,2,1,4
CUST_01840,0.7658828689987347,899.49,Telangana,Tier 3,9,Prepaid,Monthly Recharge,1,1,1
CUST_04688,0.7649104712550242,874.58,Uttar Pradesh,Tier 1,2,Postpaid,Monthly Bill,2,2,3
CUST_02895,0.7646513329661704,907.89,Maharashtra,Tier 2,5,Prepaid,Quarterly Recharge,2,5,1
CUST_00380,0.7640463675351079,910.39,Uttar Pradesh,Tier 3,5,Postpaid,Monthly Bill,6,3,1
CUST_00865,0.7636450266368063,519.9,Tamil Nadu,Tier 2,1,Prepaid,Annual Recharge,2,4,2
CUST_04674,0.7636096170784301,947.17,Tamil Nadu,Tier 1,1,Prepaid,Monthly Recharge,2,5,3
CUST_04781,0.7635474055532427,865.31,Haryana,Tier 2,3,Prepaid,Quarterly Recharge,1,5,2
CUST_04737,0.7633586085389614,848.54,Bihar,Tier 1,2,Prepaid,Monthly Recharge,3,3,3
CUST_00735,0.7632746804920473,1015.42,Uttar Pradesh,Tier 2,8,Postpaid,Monthly Bill,3,2,2
CUST_04654,0.7629663215860046,1120.78,West Bengal,Tier 2,1,Postpaid,Monthly Bill,0,5,1
CUST_01308,0.7623092707521018,759.08,Bihar,Tier 1,1,Prepaid,Quarterly Recharge,3,4,3
CUST_00106,0.7616785782740607,898.87,West Bengal,Tier 1,1,Prepaid,Monthly Recharge,0,4,3
CUST_04331,0.7615733848636345,222.57,West Bengal,Tier 3,4,Prepaid,Monthly Recharge,1,3,4
CUST_03033,0.7614920123738783,1298.77,Bihar,Tier 3,1,Prepaid,Annual Recharge,1,1,4
CUST_03384,0.7614906566453284,503.43,Tamil Nadu,Tier 1,1,Prepaid,Monthly Recharge,2,3,4
CUST_01212,0.7609615212173663,764.79,Rajasthan,Tier 2,14,Prepaid,Monthly Recharge,1,1,2
CUST_01949,0.7605632891234356,757.55,Gujarat,Tier 3,55,Prepaid,Monthly Recharge,3,3,3
CUST_02175,0.7598952489333675,1081.3,West Bengal,Tier 2,1,Prepaid,Monthly Recharge,1,4,1
CUST_03345,0.7597891664327434,479.86,West Bengal,Tier 3,10,Prepaid,Monthly Recharge,3,2,4
CUST_04405,0.7588027695108486,295.88,Uttar Pradesh,Tier 3,3,Prepaid,Monthly Recharge,3,4,4
CUST_00037,0.7587942027822018,1104.78,Kerala,Tier 2,1,Prepaid,Monthly Recharge,3,3,3
CUST_01306,0.7586567671361237,608.88,Rajasthan,Tier 2,19,Prepaid,Monthly Recharge,5,3,2
CUST_03120,0.7582524785407763,191.19,Tamil Nadu,Tier 1,1,Prepaid,Quarterly Recharge,1,1,3
CUST_00748,0.7582080854817276,1163.6,Karnataka,Tier 3,9,Prepaid,Monthly Recharge,1,2,1
CUST_02414,0.7573365392429702,543.9,Karnataka,Tier 3,21,Prepaid,Monthly Recharge,2,2,3
CUST_01864,0.7573284362278336,448.72,Karnataka,Tier 2,2,Postpaid,Monthly Bill,2,5,1
CUST_00960,0.7572467099736334,758.94,Punjab,Tier 2,4,Prepaid,Monthly Recharge,3,4,3
CUST_01085,0.7571022262155807,662.89,Bihar,Tier 3,1,Prepaid,Quarterly Recharge,2,2,4
CUST_04278,0.75622132906313,1318.38,Tamil Nadu,Tier 2,1,Postpaid,Monthly Bill,2,4,3
CUST_00285,0.7560842573730003,489.06,Gujarat,Tier 2,2,Postpaid,Monthly Bill,0,4,3
CUST_03522,0.7557587103300074,319.66,Telangana,Tier 3,2,Prepaid,Monthly Recharge,0,4,4
CUST_02657,0.7551312706276602,802.72,Karnataka,Tier 3,5,Prepaid,Quarterly Recharge,2,2,3
CUST_02243,0.7546519761877394,641.24,Bihar,Tier 1,24,Prepaid,Monthly Recharge,1,3,2
CUST_01979,0.7533499054252663,909.28,West Bengal,Tier 3,4,Postpaid,Monthly Bill,2,3,2
CUST_02351,0.7531662006099875,882.76,Gujarat,Tier 2,1,Prepaid,Monthly Recharge,3,4,5
CUST_03230,0.7531201787126197,942.54,Karnataka,Tier 3,5,Prepaid,Monthly Recharge,3,1,4
CUST_03666,0.7530984556296612,839.15,Kerala,Tier 1,1,Prepaid,Monthly Recharge,3,2,5
CUST_04553,0.7528815261018786,1117.89,West Bengal,Tier 3,3,Prepaid,Monthly Recharge,0,3,4
CUST_04226,0.7520596672154318,956.74,Karnataka,Tier 1,1,Prepaid,Monthly Recharge,3,3,3
CUST_04519,0.7512846472074346,1343.48,Delhi,Tier 3,11,Postpaid,Monthly Bill,1,3,2
CUST_02039,0.7499966257759079,908.13,Uttar Pradesh,Tier 1,4,Prepaid,Monthly Recharge,2,4,1
CUST_01883,0.7498929781472985,1015.64,Madhya Pradesh,Tier 1,1,Prepaid,Monthly Recharge,1,4,3
CUST_00129,0.7493190969060735,513.56,Rajasthan,Tier 1,7,Prepaid,Quarterly Recharge,0,2,2
CUST_03031,0.7488259071628346,987.34,Bihar,Tier 3,1,Prepaid,Monthly Recharge,0,3,3
CUST_01972,0.7477593892920646,729.88,Haryana,Tier 2,3,Prepaid,Monthly Recharge,2,1,4
CUST_02871,0.7461900668362709,1002.32,Uttar Pradesh,Tier 3,2,Prepaid,Quarterly Recharge,2,4,3
CUST_03215,0.7457785491643317,990.01,Delhi,Tier 2,1,Prepaid,Monthly Recharge,2,5,3
CUST_00444,0.7450533870763508,933.43,Rajasthan,Tier 1,1,Prepaid,Monthly Recharge,0,3,4
CUST_03613,0.7446595043167188,992.9,Uttar Pradesh,Tier 2,4,Postpaid,Annual Contract,2,1,2
CUST_03903,0.7440835350869701,814.03,Uttar Pradesh,Tier 3,3,Prepaid,Monthly Recharge,4,2,4
CUST_00881,0.7428997803801153,1009.01,West Bengal,Tier 1,1,Prepaid,Monthly Recharge,2,5,3
CUST_01728,0.7420204063033242,666.51,Bihar,Tier 3,23,Prepaid,Monthly Recharge,4,3,3
CUST_02785,0.7419694541276947,736.69,Rajasthan,Tier 1,8,Postpaid,Monthly Bill,3,2,1
CUST_04854,0.7418857604963031,780.63,Rajasthan,Tier 3,15,Prepaid,Quarterly Recharge,2,2,4
CUST_02982,0.7416788948051374,970.57,Maharashtra,Tier 3,2,Prepaid,Monthly Recharge,3,3,5
CUST_02387,0.7402111037198558,766.62,Delhi,Tier 3,7,Prepaid,Monthly Recharge,2,2,3
CUST_04304,0.740157793768725,1058.12,Kerala,Tier 1,3,Prepaid,Monthly Recharge,1,1,3
CUST_00958,0.7399115634108311,1262.56,Uttar Pradesh,Tier 3,3,Postpaid,Monthly Bill,0,5,3
CUST_02142,0.7397168225017237,870.25,Telangana,Tier 1,1,Prepaid,Monthly Recharge,1,4,3
CUST_01588,0.7396388670299595,629.32,Haryana,Tier 2,8,Prepaid,Monthly Recharge,1,4,1
CUST_03041,0.7395796898427511,763.95,Madhya Pradesh,Tier 3,20,Prepaid,Monthly Recharge,4,3,2
CUST_04739,0.7391984065857669,885.37,Punjab,Tier 1,72,Prepaid,Monthly Recharge,4,2,3
CUST_01035,0.7390830261048088,788.25,Maharashtra,Tier 1,1,Prepaid,Quarterly Recharge,4,3,3
CUST_00807,0.7388861273060233,812.62,Rajasthan,Tier 2,4,Prepaid,Monthly Recharge,2,4,2
CUST_02887,0.7387471677380606,707.59,Uttar Pradesh,Tier 3,8,Prepaid,Monthly Recharge,0,3,1
CUST_00003,0.7381029528308332,866.79,Punjab,Tier 2,1,Prepaid,Annual Recharge,2,4,1
CUST_03410,0.7380890995208691,1538.26,Uttar Pradesh,Tier 2,22,Postpaid,Monthly Bill,1,2,1
CUST_01692,0.7380782153716933,423.62,Karnataka,Tier 3,26,Prepaid,Monthly Recharge,2,2,5
CUST_00168,0.7376568442420098,1140.89,Tamil Nadu,Tier 2,1,Prepaid,Monthly Recharge,1,3,5
CUST_04504,0.7374294828553116,1000.77,Punjab,Tier 2,9,Prepaid,Monthly Recharge,1,3,1
CUST_02019,0.7365155711620153,1054.38,Maharashtra,Tier 1,2,Postpaid,Monthly Bill,0,4,2
CUST_02344,0.7358470348382373,928.43,Tamil Nadu,Tier 3,1,Prepaid,Monthly Recharge,3,4,4
CUST_02956,0.7352073478921035,639.62,Maharashtra,Tier 3,4,Prepaid,Monthly Recharge,1,5,4
CUST_02403,0.7350365110358317,487.41,Karnataka,Tier 3,12,Prepaid,Monthly Recharge,4,3,3
CUST_00786,0.7344024448130793,630.05,Uttar Pradesh,Tier 2,1,Prepaid,Monthly Recharge,1,3,5
CUST_04528,0.7342038515958017,1173.68,Delhi,Tier 3,3,Prepaid,Quarterly Recharge,3,5,1
CUST_04390,0.7339417636132166,788.89,Maharashtra,Tier 3,3,Prepaid,Quarterly Recharge,3,4,4
CUST_01457,0.7337278484180895,413.51,Kerala,Tier 2,12,Prepaid,Monthly Recharge,2,3,2
CUST_03103,0.7333314569427857,1053.47,Rajasthan,Tier 2,1,Prepaid,Monthly Recharge,2,1,5
CUST_04487,0.7331548173960213,578.85,Kerala,Tier 3,28,Prepaid,Monthly Recharge,0,2,3
CUST_03649,0.7326897496710816,544.49,Kerala,Tier 1,9,Prepaid,Monthly Recharge,2,1,3
CUST_01655,0.7324687185955713,632.69,Haryana,Tier 1,3,Prepaid,Monthly Recharge,2,2,3
CUST_03220,0.7312558682779592,1196.25,Uttar Pradesh,Tier 2,1,Postpaid,Monthly Bill,0,3,4
CUST_01138,0.7312334953112459,593.72,Tamil Nadu,Tier 2,22,Prepaid,Monthly Recharge,2,3,2
CUST_00157,0.7310361911449788,889.36,Uttar Pradesh,Tier 2,31,Prepaid,Monthly Recharge,2,1,2
CUST_02050,0.7302446268315204,1041.54,Delhi,Tier 3,1,Prepaid,Monthly Recharge,1,4,4
CUST_04136,0.7300509190257891,370.01,Kerala,Tier 1,17,Prepaid,Monthly Recharge,2,4,2
CUST_00892,0.729302894649626,695.25,Maharashtra,Tier 3,10,Prepaid,Monthly Recharge,2,2,4
CUST_00708,0.7293004387378762,591.59,Uttar Pradesh,Tier 2,13,Prepaid,Monthly Recharge,2,4,2
CUST_04162,0.7290863000476573,453.43,Maharashtra,Tier 1,7,Prepaid,Monthly Recharge,1,5,1
CUST_00646,0.7290824383087094,926.56,Maharashtra,Tier 2,13,Prepaid,Monthly Recharge,3,4,1
CUST_04075,0.7290524176993506,621.7,Kerala,Tier 1,1,Prepaid,Monthly Recharge,0,3,3
CUST_03993,0.7284746718752806,883.78,Bihar,Tier 2,1,Prepaid,Quarterly Recharge,6,1,5
CUST_00889,0.7278391414506994,946.93,Kerala,Tier 3,10,Prepaid,Quarterly Recharge,3,1,2
CUST_02278,0.7277249002095988,979.89,Karnataka,Tier 2,2,Postpaid,Monthly Bill,1,1,3
CUST_04833,0.7271059942985344,517.86,Uttar Pradesh,Tier 3,13,Prepaid,Monthly Recharge,2,3,2
CUST_00378,0.726596465130316,1079.37,Uttar Pradesh,Tier 3,1,Prepaid,Quarterly Recharge,0,4,3
CUST_03985,0.7262334971243564,1494.16,Kerala,Tier 2,1,Postpaid,Monthly Bill,3,3,4
CUST_02275,0.7255464686847681,1143.05,Gujarat,Tier 3,1,Prepaid,Quarterly Recharge,2,3,4
CUST_00832,0.7253723522614454,495.35,Kerala,Tier 3,12,Prepaid,Quarterly Recharge,5,2,3
CUST_04336,0.7244943027736384,817.29,Telangana,Tier 2,1,Prepaid,Monthly Recharge,2,2,2
CUST_02789,0.724442254526989,932.14,Rajasthan,Tier 3,4,Prepaid,Quarterly Recharge,2,2,4
CUST_00984,0.723881508217271,1137.67,Bihar,Tier 2,5,Postpaid,Annual Contract,2,2,1
CUST_03768,0.7236107009368962,376.46,Gujarat,Tier 1,1,Prepaid,Monthly Recharge,0,4,4
CUST_03100,0.7233028544861755,1090.39,Tamil Nadu,Tier 3,2,Postpaid,Monthly Bill,3,4,5
CUST_01940,0.7224842109642708,1040.24,Tamil Nadu,Tier 2,1,Prepaid,Quarterly Recharge,2,5,3
CUST_04480,0.7213014850348579,356.71,Rajasthan,Tier 2,12,Prepaid,Quarterly Recharge,4,2,1
CUST_02696,0.7211423199778241,830.28,Madhya Pradesh,Tier 2,4,Prepaid,Monthly Recharge,1,2,4
CUST_02005,0.7197589816216897,998.33,Madhya Pradesh,Tier 2,1,Prepaid,Monthly Recharge,5,2,4
CUST_04281,0.719743181573386,1047.29,West Bengal,Tier 1,2,Prepaid,Monthly Recharge,2,5,3
CUST_03246,0.7190575564610895,536.76,Maharashtra,Tier 2,1,Prepaid,Monthly Recharge,3,4,4
CUST_02114,0.7186650060792356,1154.4,Karnataka,Tier 2,4,Postpaid,Monthly Bill,4,5,2
CUST_04846,0.7184586236786744,844.27,Haryana,Tier 3,21,Prepaid,Monthly Recharge,0,5,1
CUST_02145,0.7184433518328945,942.27,Telangana,Tier 2,1,Prepaid,Quarterly Recharge,1,4,3
CUST_01307,0.7180717447302702,1544.08,Kerala,Tier 1,5,Postpaid,Monthly Bill,0,5,2
CUST_02453,0.7175183453076565,578.51,Kerala,Tier 3,4,Prepaid,Quarterly Recharge,3,5,4
CUST_01383,0.7174019852887252,838.88,Telangana,Tier 1,2,Prepaid,Monthly Recharge,1,5,5
CUST_02218,0.7173886203156967,1310.49,Karnataka,Tier 2,4,Prepaid,Monthly Recharge,4,5,4
CUST_03301,0.7173627196587881,1099.98,Delhi,Tier 1,4,Prepaid,Monthly Recharge,1,1,3
CUST_03909,0.7171101944009948,1334.05,Karnataka,Tier 2,2,Postpaid,Annual Contract,4,4,3
CUST_04353,0.7162334525053832,1088.12,Delhi,Tier 3,1,Prepaid,Monthly Recharge,0,4,5
CUST_00302,0.7154032849139625,961.62,Rajasthan,Tier 1,4,Prepaid,Monthly Recharge,1,1,4
CUST_02366,0.7149438418839146,1033.08,Telangana,Tier 3,8,Prepaid,Monthly Recharge,0,2,3
CUST_03091,0.7147965562660251,944.18,Telangana,Tier 1,5,Prepaid,Monthly Recharge,1,2,4
CUST_02035,0.7140872378721902,784.15,Punjab,Tier 2,1,Prepaid,Quarterly Recharge,3,4,3
CUST_02699,0.7129498900357779,959.01,Gujarat,Tier 1,1,Prepaid,Monthly Recharge,3,2,4
CUST_03983,0.7125571703542529,718.1,Kerala,Tier 1,2,Prepaid,Monthly Recharge,2,4,3
CUST_03877,0.7123222284852351,1033.24,Punjab,Tier 1,6,Prepaid,Monthly Recharge,1,4,2
CUST_01847,0.7122674729591744,1219.04,Maharashtra,Tier 1,4,Postpaid,Annual Contract,5,3,2
CUST_04933,0.712237300631258,660.64,Telangana,Tier 3,4,Prepaid,Monthly Recharge,2,4,5
CUST_00866,0.7119136300410299,952.68,Kerala,Tier 2,2,Prepaid,Monthly Recharge,0,2,4
CUST_02458,0.7111054991112893,844.26,Kerala,Tier 3,30,Prepaid,Monthly Recharge,2,2,4
CUST_04392,0.7109113372372825,853.07,Telangana,Tier 1,4,Prepaid,Monthly Recharge,3,2,5
CUST_03407,0.7107485827094895,940.39,Madhya Pradesh,Tier 2,3,Prepaid,Monthly Recharge,3,4,3
CUST_00517,0.710302430340134,543.68,Punjab,Tier 2,22,Prepaid,Monthly Recharge,3,5,2
CUST_01423,0.7096790634741137,892.62,Karnataka,Tier 1,1,Postpaid,Monthly Bill,2,4,3
CUST_00588,0.7096152479563674,1110.1,Bihar,Tier 2,1,Prepaid,Quarterly Recharge,2,1,3
CUST_02844,0.7086046063002629,797.98,Delhi,Tier 2,17,Prepaid,Monthly Recharge,3,2,4
CUST_04196,0.7085516312716109,886.65,Rajasthan,Tier 2,22,Prepaid,Monthly Recharge,2,5,2
CUST_02103,0.708279105760554,1005.38,Punjab,Tier 2,1,Prepaid,Quarterly Recharge,1,5,3
CUST_02797,0.7081944165166719,1130.26,Uttar Pradesh,Tier 2,2,Postpaid,Monthly Bill,2,2,3
CUST_00515,0.7081398637587382,401.43,Delhi,Tier 3,1,Prepaid,Annual Recharge,3,5,3
CUST_03394,0.7079228222095607,681.39,Haryana,Tier 2,4,Prepaid,Monthly Recharge,2,4,5
CUST_04147,0.7076045896662372,1286.93,Gujarat,Tier 3,2,Postpaid,Monthly Bill,3,2,3
CUST_00193,0.707092009170217,1234.92,Gujarat,Tier 1,1,Prepaid,Monthly Recharge,0,4,4
CUST_00039,0.7064881598819626,638.22,Haryana,Tier 1,19,Prepaid,Monthly Recharge,1,2,3
CUST_04131,0.7062766516336132,900.29,Punjab,Tier 1,2,Prepaid,Monthly Recharge,1,2,4
CUST_03171,0.7046651566316294,712.37,Punjab,Tier 3,2,Prepaid,Annual Recharge,2,2,4
CUST_02974,0.7041233361298285,449.84,Delhi,Tier 2,12,Prepaid,Monthly Recharge,1,2,4
CUST_01605,0.7040188600086732,1456.07,Delhi,Tier 2,9,Prepaid,Quarterly Recharge,6,4,2
CUST_04402,0.7039645786939233,822.68,Kerala,Tier 1,3,Prepaid,Monthly Recharge,2,1,5
CUST_01670,0.7038296745358406,525.8,Telangana,Tier 1,2,Prepaid,Annual Recharge,1,5,1
CUST_01584,0.7037776220954393,670.29,West Bengal,Tier 3,30,Prepaid,Monthly Recharge,2,2,3
CUST_02461,0.7034819062264666,585.63,Bihar,Tier 2,9,Prepaid,Monthly Recharge,1,4,1
CUST_03279,0.7029074604782137,549.48,West Bengal,Tier 2,24,Prepaid,Annual Recharge,2,2,1
CUST_03104,0.7026662071786899,386.39,Tamil Nadu,Tier 3,12,Prepaid,Quarterly Recharge,7,4,2
CUST_02655,0.7023054570312636,690.0,Maharashtra,Tier 2,5,Prepaid,Monthly Recharge,4,5,3
CUST_00284,0.7020821290832653,747.97,Karnataka,Tier 3,15,Prepaid,Monthly Recharge,2,3,2
CUST_02386,0.70178108170711,690.2,Kerala,Tier 3,4,Prepaid,Quarterly Recharge,3,4,3
CUST_01504,0.7016551269012514,1023.05,Delhi,Tier 2,2,Prepaid,Quarterly Recharge,3,3,2
CUST_00734,0.7014507078591311,937.58,Tamil Nadu,Tier 3,4,Prepaid,Quarterly Recharge,2,4,3
CUST_04865,0.7013783700311297,924.36,Kerala,Tier 1,6,Prepaid,Monthly Recharge,3,4,2
CUST_03325,0.7013712754253604,748.03,Madhya Pradesh,Tier 3,21,Prepaid,Quarterly Recharge,1,1,2
CUST_03730,0.7009495723596328,1065.77,Telangana,Tier 2,7,Prepaid,Annual Recharge,3,1,2
CUST_04680,0.7005432411130242,646.78,West Bengal,Tier 1,6,Prepaid,Monthly Recharge,2,4,2
CUST_02742,0.7004782310225399,557.09,Karnataka,Tier 1,7,Prepaid,Monthly Recharge,0,4,2
CUST_00219,0.7004454864366212,1031.81,Gujarat,Tier 3,13,Prepaid,Monthly Recharge,1,2,3
CUST_01403,0.7003735277820028,859.56,Haryana,Tier 1,1,Prepaid,Quarterly Recharge,1,1,3
CUST_01528,0.6995423063885885,641.08,Uttar Pradesh,Tier 1,8,Prepaid,Monthly Recharge,1,4,1
CUST_00812,0.6994798522156541,252.56,Maharashtra,Tier 1,22,Prepaid,Monthly Recharge,1,5,1
CUST_00083,0.6986354252922401,733.97,Kerala,Tier 2,3,Prepaid,Monthly Recharge,5,5,3
CUST_01875,0.6979627193529759,302.52,Rajasthan,Tier 1,3,Prepaid,Monthly Recharge,4,3,4
CUST_00179,0.6979590115707917,700.62,Kerala,Tier 3,22,Prepaid,Monthly Recharge,2,4,2
CUST_00533,0.6975326816213498,901.64,Rajasthan,Tier 1,15,Prepaid,Monthly Recharge,2,2,4
CUST_01887,0.6972058945770305,1021.58,Kerala,Tier 3,2,Prepaid,Monthly Recharge,1,1,4
CUST_01854,0.6971539371216668,945.38,Bihar,Tier 3,14,Prepaid,Monthly Recharge,3,1,2
CUST_02203,0.697027711681712,1079.65,Madhya Pradesh,Tier 1,1,Prepaid,Monthly Recharge,3,4,3
CUST_00256,0.6969213546199352,1016.47,Punjab,Tier 3,1,Prepaid,Quarterly Recharge,2,5,4
CUST_01831,0.6964559288402861,569.1,Tamil Nadu,Tier 3,23,Prepaid,Monthly Recharge,1,2,5
CUST_03128,0.6951611236737433,669.65,Maharashtra,Tier 2,18,Prepaid,Monthly Recharge,2,4,2
CUST_02426,0.6938490451819578,579.09,West Bengal,Tier 1,7,Prepaid,Monthly Recharge,2,4,2
CUST_01222,0.6933831572847168,503.94,Rajasthan,Tier 1,23,Prepaid,Monthly Recharge,3,2,4
CUST_04215,0.6932688253739067,495.76,West Bengal,Tier 2,6,Prepaid,Monthly Recharge,1,5,1
CUST_02178,0.6931948986418685,308.78,Telangana,Tier 3,5,Prepaid,Quarterly Recharge,2,3,4
CUST_02210,0.6917031184432206,591.06,Rajasthan,Tier 2,13,Prepaid,Monthly Recharge,0,2,5
CUST_04806,0.6908212119609156,630.76,Karnataka,Tier 1,6,Prepaid,Monthly Recharge,3,2,4
CUST_02032,0.6904732967027551,806.71,Madhya Pradesh,Tier 1,1,Prepaid,Quarterly Recharge,1,5,3
CUST_02701,0.6899066198431407,1029.29,Delhi,Tier 2,1,Prepaid,Monthly Recharge,4,2,4
CUST_04685,0.689055826041807,585.31,West Bengal,Tier 1,23,Prepaid,Monthly Recharge,1,4,2
CUST_03161,0.6881727144868308,622.98,Kerala,Tier 3,6,Prepaid,Monthly Recharge,4,4,2
CUST_03703,0.68790975082742,836.81,Punjab,Tier 3,28,Prepaid,Monthly Recharge,3,4,3
CUST_01283,0.6869258228296224,539.99,Karnataka,Tier 3,26,Prepaid,Monthly Recharge,2,2,3
CUST_04149,0.6861822651169099,575.8,Telangana,Tier 3,5,Prepaid,Monthly Recharge,1,3,4
CUST_04211,0.686076151744646,1213.19,Rajasthan,Tier 3,7,Prepaid,Annual Recharge,2,2,3
CUST_04835,0.6858089397528738,991.16,Maharashtra,Tier 3,2,Prepaid,Monthly Recharge,2,2,5
CUST_00980,0.6842976786144647,1238.58,Karnataka,Tier 2,6,Prepaid,Monthly Recharge,5,4,2
CUST_03355,0.6841609593177075,995.36,Madhya Pradesh,Tier 1,7,Postpaid,Monthly Bill,3,2,2
CUST_03955,0.6838480915428127,281.38,Tamil Nadu,Tier 3,1,Prepaid,Monthly Recharge,1,4,5
CUST_00368,0.6837721212322352,760.4,Tamil Nadu,Tier 2,10,Prepaid,Monthly Recharge,1,2,3
CUST_04576,0.6832842127501624,845.58,Kerala,Tier 3,4,Prepaid,Monthly Recharge,1,5,3
CUST_03520,0.6828752415940867,572.47,Punjab,Tier 3,6,Prepaid,Monthly Recharge,1,2,3
CUST_01179,0.6825638579245658,206.72,Kerala,Tier 2,15,Prepaid,Quarterly Recharge,5,2,3
CUST_03725,0.6821777879904252,708.44,Maharashtra,Tier 2,1,Prepaid,Monthly Recharge,1,5,4
CUST_04613,0.6811318481417912,954.38,West Bengal,Tier 1,1,Prepaid,Monthly Recharge,4,4,5
CUST_02053,0.6808847683862848,928.61,Rajasthan,Tier 2,16,Prepaid,Monthly Recharge,1,4,2
CUST_02597,0.6804189017050002,894.42,Maharashtra,Tier 2,1,Prepaid,Annual Recharge,2,5,1
CUST_04245,0.6803078969911145,650.76,Haryana,Tier 3,2,Prepaid,Quarterly Recharge,3,4,4
CUST_00056,0.6800976857940204,1363.39,Karnataka,Tier 1,1,Postpaid,Monthly Bill,2,3,5
CUST_04172,0.6794876080989947,843.46,Tamil Nadu,Tier 1,1,Prepaid,Monthly Recharge,2,3,4
CUST_01223,0.6792768713281768,859.96,Punjab,Tier 2,13,Prepaid,Monthly Recharge,3,1,3
CUST_03133,0.6792325563522187,624.7,Gujarat,Tier 2,24,Prepaid,Monthly Recharge,1,4,2
CUST_02093,0.6775926290379359,986.17,Delhi,Tier 2,2,Prepaid,Monthly Recharge,4,3,4
CUST_03976,0.677466860821934,831.21,Telangana,Tier 1,3,Postpaid,Annual Contract,2,4,2
CUST_03157,0.6766682730630318,883.79,Karnataka,Tier 3,1,Prepaid,Monthly Recharge,3,5,4
CUST_02420,0.6765547250693931,650.09,Gujarat,Tier 1,3,Prepaid,Monthly Recharge,1,3,4
CUST_04253,0.6759549156523461,534.73,Maharashtra,Tier 3,2,Postpaid,Annual Contract,1,3,3
CUST_04890,0.6758651388611963,755.43,Haryana,Tier 3,2,Prepaid,Annual Recharge,4,3,3
CUST_04915,0.6757044428031034,590.37,Tamil Nadu,Tier 3,1,Prepaid,Annual Recharge,4,5,5
CUST_04938,0.675369715920773,1108.92,Rajasthan,Tier 2,3,Prepaid,Monthly Recharge,2,4,3
CUST_00018,0.6751949775516073,1051.94,Gujarat,Tier 3,5,Prepaid,Quarterly Recharge,3,4,2
CUST_04141,0.6750925917544893,817.29,Telangana,Tier 2,2,Postpaid,Annual Contract,2,2,3
CUST_01224,0.6746355427027143,1052.37,Gujarat,Tier 3,14,Prepaid,Quarterly Recharge,0,3,1
CUST_02101,0.6744495813481811,334.98,Tamil Nadu,Tier 2,3,Prepaid,Monthly Recharge,3,4,4
CUST_01923,0.6741229335975348,918.1,Maharashtra,Tier 3,3,Prepaid,Quarterly Recharge,3,4,5
CUST_04096,0.6732914492983023,940.59,Bihar,Tier 2,1,Postpaid,Monthly Bill,3,4,3
CUST_02934,0.6732533947431683,794.84,Delhi,Tier 3,5,Postpaid,Monthly Bill,2,3,3
CUST_02525,0.6732117074336869,969.16,Delhi,Tier 1,1,Prepaid,Monthly Recharge,3,4,3
CUST_01603,0.6726918378317333,1317.38,Karnataka,Tier 3,3,Postpaid,Monthly Bill,1,3,3
CUST_01299,0.6724262340587305,784.2,Telangana,Tier 2,10,Prepaid,Monthly Recharge,4,2,3
CUST_00220,0.6721418754274933,828.35,Gujarat,Tier 1,7,Prepaid,Monthly Recharge,3,4,2
CUST_03495,0.6720886535381078,1027.44,Uttar Pradesh,Tier 3,1,Prepaid,Quarterly Recharge,3,4,4
CUST_03395,0.6712775257718518,898.34,Bihar,Tier 2,18,Postpaid,Monthly Bill,3,2,2
CUST_02091,0.6705377493303132,531.29,Tamil Nadu,Tier 2,1,Prepaid,Quarterly Recharge,2,4,4
CUST_00887,0.6704159520447212,859.71,Karnataka,Tier 3,1,Prepaid,Monthly Recharge,0,4,5
CUST_03611,0.6694628051535246,769.19,Maharashtra,Tier 1,1,Prepaid,Monthly Recharge,3,3,5
CUST_03546,0.6691240917245072,1112.23,Karnataka,Tier 3,5,Postpaid,Monthly Bill,2,3,2
CUST_01894,0.6690679808427858,633.39,Delhi,Tier 1,1,Prepaid,Monthly Recharge,1,5,4
CUST_00594,0.6689417815907592,934.15,Delhi,Tier 3,7,Postpaid,Monthly Bill,3,1,2
CUST_00236,0.668320714133981,1276.74,Uttar Pradesh,Tier 1,1,Postpaid,Monthly Bill,2,5,5
CUST_02942,0.6682829173216328,928.78,West Bengal,Tier 2,4,Prepaid,Monthly Recharge,2,2,5
CUST_03145,0.6674580967293925,885.33,Maharashtra,Tier 1,59,Prepaid,Monthly Recharge,7,1,4
CUST_03779,0.6671949658195993,508.68,Karnataka,Tier 2,1,Prepaid,Monthly Recharge,2,3,4
CUST_01289,0.6668032103247135,1020.54,Delhi,Tier 2,1,Prepaid,Annual Recharge,2,2,3
CUST_01892,0.6667816192397503,1093.16,Telangana,Tier 3,1,Prepaid,Quarterly Recharge,1,4,5
CUST_02392,0.6666827468200045,1109.42,Madhya Pradesh,Tier 1,1,Prepaid,Monthly Recharge,0,5,3
CUST_00185,0.6663733809415562,509.78,Telangana,Tier 1,1,Prepaid,Quarterly Recharge,2,4,3
CUST_02533,0.6662025771400942,866.19,Gujarat,Tier 1,2,Postpaid,Annual Contract,2,2,3
CUST_01574,0.6649500126144406,822.94,Punjab,Tier 2,1,Postpaid,Monthly Bill,2,5,3
CUST_01321,0.6646367181181478,917.83,Telangana,Tier 1,5,Prepaid,Quarterly Recharge,2,4,1
CUST_01948,0.6641441848871716,1075.3,Delhi,Tier 2,6,Prepaid,Annual Recharge,3,2,2
CUST_00758,0.6640300207924312,1516.05,Madhya Pradesh,Tier 1,7,Postpaid,Monthly Bill,0,3,1
CUST_03383,0.663911441157631,731.33,Karnataka,Tier 3,18,Prepaid,Monthly Recharge,7,3,4
CUST_03638,0.6635784680793202,1111.94,Karnataka,Tier 3,1,Postpaid,Monthly Bill,1,5,3
CUST_00203,0.6620919071745495,656.56,Gujarat,Tier 2,14,Prepaid,Monthly Recharge,1,5,1
CUST_04702,0.6620750585006058,1046.01,Madhya Pradesh,Tier 1,2,Prepaid,Monthly Recharge,1,5,3
CUST_00710,0.6618531437973506,688.46,Maharashtra,Tier 2,3,Postpaid,Monthly Bill,0,4,3
CUST_00221,0.6616994805476841,1231.52,Punjab,Tier 2,3,Postpaid,Annual Contract,2,1,1
CUST_02467,0.6615139635361906,1474.25,Bihar,Tier 2,8,Postpaid,Monthly Bill,2,3,2
CUST_04671,0.6611704539799111,733.3,Uttar Pradesh,Tier 3,1,Prepaid,Quarterly Recharge,2,5,4
CUST_00923,0.6607337629957588,1474.03,West Bengal,Tier 3,2,Prepaid,Monthly Recharge,0,4,5
CUST_02905,0.6602196247174249,793.29,Madhya Pradesh,Tier 2,14,Prepaid,Monthly Recharge,1,4,2
CUST_04721,0.6601166822617272,563.69,Tamil Nadu,Tier 3,1,Prepaid,Quarterly Recharge,3,5,4
CUST_04305,0.6600358663675946,885.62,Uttar Pradesh,Tier 1,2,Postpaid,Monthly Bill,3,2,4
CUST_01529,0.6598849229857011,834.72,West Bengal,Tier 3,2,Prepaid,Monthly Recharge,0,4,4
CUST_00914,0.6598642595621163,1325.17,Bihar,Tier 3,1,Postpaid,Annual Contract,1,4,3
CUST_01233,0.6598443918184584,969.67,Gujarat,Tier 3,2,Prepaid,Monthly Recharge,0,1,4
CUST_04822,0.6591328521356904,1046.29,Maharashtra,Tier 2,1,Prepaid,Monthly Recharge,1,4,4
CUST_04322,0.6589478388862827,1011.57,Bihar,Tier 2,17,Prepaid,Monthly Recharge,4,2,4
CUST_02813,0.6585912936112291,295.46,Karnataka,Tier 1,3,Prepaid,Annual Recharge,0,3,2
CUST_02587,0.6576784857440521,568.05,Delhi,Tier 2,12,Prepaid,Quarterly Recharge,5,2,3
CUST_02368,0.6568574872753239,1012.52,West Bengal,Tier 2,7,Prepaid,Annual Recharge,7,4,2
CUST_03396,0.6564722382595722,605.77,Karnataka,Tier 2,1,Prepaid,Monthly Recharge,2,4,5
CUST_01379,0.6561267993164629,1131.47,Karnataka,Tier 1,1,Prepaid,Monthly Recharge,1,5,3
CUST_01258,0.6554365838394502,987.6,Uttar Pradesh,Tier 1,5,Prepaid,Monthly Recharge,1,4,2
CUST_04454,0.655309709763457,876.61,Bihar,Tier 3,5,Postpaid,Monthly Bill,2,4,1
CUST_00421,0.6550594995320008,909.09,Madhya Pradesh,Tier 2,43,Prepaid,Quarterly Recharge,2,1,1
CUST_01558,0.654148677611665,874.54,Bihar,Tier 2,8,Prepaid,Quarterly Recharge,3,1,1
CUST_01793,0.6533949114632831,299.51,Telangana,Tier 2,23,Prepaid,Annual Recharge,2,3,1
CUST_01787,0.6530952748670918,1378.83,Maharashtra,Tier 3,4,Postpaid,Monthly Bill,2,2,3
CUST_02873,0.6529868360305865,970.39,Haryana,Tier 2,1,Prepaid,Monthly Recharge,4,5,4
CUST_04260,0.6527592811317275,757.29,Delhi,Tier 1,14,Prepaid,Monthly Recharge,3,2,4
CUST_00894,0.6508731888342112,906.92,Delhi,Tier 1,2,Postpaid,Annual Contract,2,4,1
CUST_00551,0.6506153861795044,1228.86,Delhi,Tier 3,25,Prepaid,Monthly Recharge,1,2,5
CUST_03577,0.6496693659349643,728.54,Telangana,Tier 2,3,Prepaid,Quarterly Recharge,2,3,3
CUST_02307,0.6496328496174149,1371.29,Rajasthan,Tier 2,1,Postpaid,Monthly Bill,1,5,4
CUST_02711,0.6494442364443379,655.15,Maharashtra,Tier 1,5,Prepaid,Monthly Recharge,2,4,5
CUST_03376,0.6487344151014767,630.77,Maharashtra,Tier 1,3,Prepaid,Quarterly Recharge,4,2,4
CUST_00471,0.6485107893852109,362.76,Telangana,Tier 2,1,Prepaid,Monthly Recharge,3,4,4
CUST_00349,0.6482685566673022,769.89,Haryana,Tier 1,4,Prepaid,Monthly Recharge,1,3,4
CUST_01577,0.6480237387292285,826.17,Bihar,Tier 2,36,Prepaid,Monthly Recharge,1,2,3
CUST_00002,0.6477033181572052,860.56,Karnataka,Tier 1,1,Prepaid,Monthly Recharge,5,3,4
CUST_00847,0.6474220144428275,905.05,West Bengal,Tier 2,9,Prepaid,Quarterly Recharge,2,2,4
CUST_01962,0.6473581017055736,1177.73,Telangana,Tier 3,1,Prepaid,Monthly Recharge,1,5,3
CUST_02651,0.6462014422453076,964.3,Maharashtra,Tier 3,7,Postpaid,Monthly Bill,0,2,3
CUST_01936,0.6460552853985596,567.9,Tamil Nadu,Tier 2,1,Prepaid,Monthly Recharge,1,4,4
CUST_02802,0.6459909350713449,882.1,Maharashtra,Tier 1,21,Prepaid,Monthly Recharge,1,5,2
CUST_04526,0.6451465189573304,607.67,Bihar,Tier 2,1,Prepaid,Monthly Recharge,1,3,4
CUST_00052,0.6445992676191157,913.3,Madhya Pradesh,Tier 2,1,Prepaid,Quarterly Recharge,4,4,5
CUST_03930,0.6444273538837864,666.29,Delhi,Tier 1,1,Prepaid,Monthly Recharge,5,5,4
CUST_01130,0.6444125167493134,1029.14,Delhi,Tier 2,1,Prepaid,Quarterly Recharge,1,2,4
CUST_01390,0.6436569330649125,570.93,Haryana,Tier 3,42,Prepaid,Monthly Recharge,2,2,4
CUST_04515,0.6424609367850171,978.26,Karnataka,Tier 1,6,Prepaid,Monthly Recharge,1,1,4
CUST_03313,0.642441331377957,875.29,Madhya Pradesh,Tier 2,23,Prepaid,Annual Recharge,1,3,2
CUST_00413,0.641955579026971,494.97,Delhi,Tier 3,2,Prepaid,Quarterly Recharge,1,5,5
CUST_00112,0.6414868723370919,794.05,Uttar Pradesh,Tier 3,2,Prepaid,Annual Recharge,0,3,3
CUST_02353,0.6414763684124206,899.54,Delhi,Tier 2,1,Prepaid,Quarterly Recharge,2,4,3
CUST_03711,0.6412738035684187,962.29,Karnataka,Tier 1,1,Prepaid,Monthly Recharge,1,4,5
CUST_01914,0.6407002991102134,597.89,West Bengal,Tier 1,9,Prepaid,Monthly Recharge,2,4,2
CUST_00294,0.6404227500126767,625.37,Uttar Pradesh,Tier 1,58,Prepaid,Quarterly Recharge,2,2,2
CUST_04968,0.6401209846652866,1043.32,Tamil Nadu,Tier 3,6,Postpaid,Monthly Bill,4,2,1
CUST_03800,0.6388219918440053,560.57,Maharashtra,Tier 1,3,Prepaid,Quarterly Recharge,1,3,4
CUST_04779,0.638640920932723,734.44,Madhya Pradesh,Tier 1,1,Prepaid,Monthly Recharge,3,4,5
CUST_02117,0.6372169150736543,920.6,Punjab,Tier 2,1,Prepaid,Monthly Recharge,1,4,5
CUST_03400,0.6372007346766514,1095.0,Maharashtra,Tier 2,2,Prepaid,Monthly Recharge,1,4,5
CUST_00177,0.6370137285879447,780.01,Punjab,Tier 2,4,Prepaid,Monthly Recharge,3,4,4
CUST_04532,0.6367860605626422,1086.63,Haryana,Tier 3,38,Prepaid,Monthly Recharge,2,2,3
CUST_04770,0.6367486782388078,745.18,Tamil Nadu,Tier 1,3,Postpaid,Monthly Bill,1,2,3
CUST_01734,0.6362476513745449,761.52,Rajasthan,Tier 3,3,Postpaid,Monthly Bill,4,3,4
CUST_03218,0.6358344194615423,609.59,Punjab,Tier 2,8,Postpaid,Monthly Bill,2,4,2
CUST_04485,0.6357077632399745,355.36,Maharashtra,Tier 3,7,Prepaid,Monthly Recharge,3,3,5
CUST_04817,0.6356556850823557,289.86,Gujarat,Tier 2,5,Prepaid,Monthly Recharge,1,2,5
CUST_02410,0.6354249522524998,294.11,Tamil Nadu,Tier 3,4,Prepaid,Monthly Recharge,2,5,4
CUST_02910,0.6344373042734474,760.35,Maharashtra,Tier 3,18,Postpaid,Monthly Bill,4,5,2
CUST_00825,0.6342342307469264,776.03,Tamil Nadu,Tier 2,12,Prepaid,Monthly Recharge,4,3,2
CUST_01813,0.6338649062508823,890.94,Telangana,Tier 2,72,Prepaid,Monthly Recharge,2,2,3
CUST_00022,0.6338083580197592,558.75,Haryana,Tier 2,12,Prepaid,Monthly Recharge,3,3,3
CUST_03267,0.6330445002540125,781.88,Maharashtra,Tier 2,17,Prepaid,Monthly Recharge,2,3,2
CUST_00615,0.632773780859593,1130.61,Bihar,Tier 3,19,Prepaid,Monthly Recharge,3,1,2
CUST_00199,0.6327332695264568,920.43,Tamil Nadu,Tier 2,2,Prepaid,Annual Recharge,1,3,1
CUST_02135,0.6321240097410709,725.59,Karnataka,Tier 2,14,Prepaid,Monthly Recharge,1,2,4
CUST_02731,0.631392162097969,841.35,Bihar,Tier 1,3,Prepaid,Monthly Recharge,3,2,4
CUST_00619,0.6309603381904619,445.91,Madhya Pradesh,Tier 3,20,Prepaid,Monthly Recharge,1,5,2
CUST_04491,0.6308991878785064,1085.26,Delhi,Tier 3,5,Prepaid,Monthly Recharge,0,1,3
CUST_03107,0.6306000750983921,865.7,Karnataka,Tier 1,3,Prepaid,Monthly Recharge,4,4,3
CUST_00038,0.6305393304376249,922.19,Uttar Pradesh,Tier 2,1,Prepaid,Monthly Recharge,1,5,4
CUST_02945,0.630514217205993,1001.51,Punjab,Tier 2,1,Prepaid,Monthly Recharge,4,4,5
CUST_02561,0.6298331264158076,694.25,Gujarat,Tier 2,22,Prepaid,Quarterly Recharge,1,3,2
CUST_04377,0.6297620393614916,629.84,Maharashtra,Tier 2,4,Prepaid,Quarterly Recharge,2,1,5
CUST_04683,0.6287168695683074,403.48,Bihar,Tier 1,17,Prepaid,Annual Recharge,3,3,1
CUST_02070,0.6285172395375479,1036.18,Tamil Nadu,Tier 1,6,Prepaid,Monthly Recharge,0,3,1
CUST_04090,0.6283299364311431,878.06,Gujarat,Tier 2,3,Prepaid,Quarterly Recharge,3,3,2
CUST_00360,0.6283179780207161,903.22,Tamil Nadu,Tier 2,72,Prepaid,Monthly Recharge,2,1,3
CUST_04021,0.6282765733091532,845.8,Gujarat,Tier 2,2,Prepaid,Monthly Recharge,0,3,5
CUST_02086,0.627802757133907,1044.29,Delhi,Tier 1,1,Prepaid,Monthly Recharge,1,4,4
CUST_00280,0.6276093891158898,1027.41,Kerala,Tier 1,9,Prepaid,Monthly Recharge,0,3,2
CUST_01565,0.6263071040135995,916.5,Punjab,Tier 1,2,Prepaid,Monthly Recharge,3,4,5
CUST_00202,0.6262409413870003,1125.15,West Bengal,Tier 2,1,Postpaid,Annual Contract,1,2,3
CUST_02570,0.6261980433922575,952.94,Tamil Nadu,Tier 2,3,Prepaid,Monthly Recharge,2,3,5
CUST_04701,0.6259278016373373,813.67,Tamil Nadu,Tier 2,5,Prepaid,Monthly Recharge,5,5,2
CUST_00226,0.6253179559714519,601.76,Delhi,Tier 3,4,Prepaid,Monthly Recharge,4,3,4
CUST_01898,0.6251492582539697,150.0,Maharashtra,Tier 1,11,Prepaid,Annual Recharge,1,1,3
CUST_04317,0.6249596603230658,944.07,Kerala,Tier 2,2,Prepaid,Monthly Recharge,2,3,5
CUST_00341,0.6245506939080148,1362.01,Delhi,Tier 2,2,Prepaid,Monthly Recharge,5,4,5
CUST_01096,0.62444586942861,689.91,Maharashtra,Tier 3,17,Prepaid,Monthly Recharge,1,5,2
CUST_03028,0.6242264034538294,1107.11,Punjab,Tier 2,5,Postpaid,Monthly Bill,2,4,1
CUST_00725,0.6233103732222552,328.7,Bihar,Tier 1,14,Prepaid,Monthly Recharge,3,2,4
CUST_03736,0.6228901795878364,1099.12,Delhi,Tier 1,5,Prepaid,Monthly Recharge,2,4,2
CUST_02586,0.6224145553084136,961.03,Maharashtra,Tier 1,1,Prepaid,Monthly Recharge,1,3,5
CUST_00470,0.6224113853174447,1507.85,Maharashtra,Tier 3,2,Postpaid,Monthly Bill,0,3,3
CUST_01054,0.6221495357253307,545.43,Delhi,Tier 1,1,Prepaid,Monthly Recharge,0,4,4
CUST_02527,0.6216632811374195,523.99,Delhi,Tier 1,24,Prepaid,Monthly Recharge,3,5,1
CUST_00919,0.6210577817334922,504.96,Kerala,Tier 2,2,Prepaid,Monthly Recharge,0,5,4
CUST_00121,0.6208475731809647,858.48,Uttar Pradesh,Tier 2,3,Prepaid,Monthly Recharge,1,4,3
CUST_00115,0.6201912455862556,587.46,Karnataka,Tier 3,51,Prepaid,Monthly Recharge,1,2,4
CUST_01935,0.6200575135106781,709.9,Karnataka,Tier 1,17,Prepaid,Monthly Recharge,7,5,4
CUST_00826,0.6195513232759502,471.9,Rajasthan,Tier 2,3,Prepaid,Monthly Recharge,1,4,4
CUST_00344,0.6192308038654686,654.39,Karnataka,Tier 2,1,Prepaid,Quarterly Recharge,0,4,4
CUST_00728,0.6192127153390191,578.71,Rajasthan,Tier 1,27,Prepaid,Monthly Recharge,1,2,2
CUST_00474,0.6189039351706421,1095.57,Maharashtra,Tier 1,5,Prepaid,Monthly Recharge,1,5,2
CUST_03456,0.6187713174537296,537.51,Tamil Nadu,Tier 2,5,Prepaid,Monthly Recharge,0,4,4
CUST_03679,0.6183353533145716,1017.33,Punjab,Tier 1,1,Prepaid,Monthly Recharge,0,5,3
CUST_02921,0.618136809724244,847.65,Delhi,Tier 3,25,Prepaid,Monthly Recharge,2,2,5
CUST_03509,0.6180581480303691,1046.33,Kerala,Tier 2,1,Prepaid,Monthly Recharge,0,3,4
CUST_02882,0.6179683526401675,569.84,Karnataka,Tier 2,4,Prepaid,Monthly Recharge,3,4,4
CUST_02994,0.6176156481631635,1228.78,Karnataka,Tier 1,6,Prepaid,Monthly Recharge,4,5,2
CUST_04606,0.6171419837630592,1209.57,Delhi,Tier 3,13,Prepaid,Monthly Recharge,4,2,4
CUST_03423,0.6168083872960384,578.81,Telangana,Tier 2,1,Prepaid,Monthly Recharge,1,4,4
CUST_02066,0.6165610671358791,1125.54,Rajasthan,Tier 2,17,Prepaid,Monthly Recharge,2,2,2
CUST_00015,0.6163589873563254,455.79,Tamil Nadu,Tier 1,5,Prepaid,Quarterly Recharge,1,3,3
CUST_02515,0.6160950528170267,928.31,Karnataka,Tier 3,21,Prepaid,Quarterly Recharge,2,2,3
CUST_02405,0.6158533126619882,612.66,Delhi,Tier 2,17,Prepaid,Monthly Recharge,2,5,2
CUST_01994,0.6155186127889679,1054.31,Bihar,Tier 2,12,Prepaid,Monthly Recharge,3,2,5
CUST_01267,0.614792879407535,578.5,Uttar Pradesh,Tier 1,7,Prepaid,Monthly Recharge,1,5,2
CUST_04472,0.6144734025628368,632.75,Madhya Pradesh,Tier 2,3,Prepaid,Monthly Recharge,0,3,5
CUST_04820,0.6144052467716339,768.08,Uttar Pradesh,Tier 2,5,Prepaid,Monthly Recharge,5,5,4
CUST_01159,0.6142394329907267,916.76,Maharashtra,Tier 1,13,Prepaid,Monthly Recharge,2,1,2
CUST_00259,0.6135746850461588,497.74,Punjab,Tier 2,25,Prepaid,Annual Recharge,2,1,4
CUST_04324,0.6127909792838758,951.45,Tamil Nadu,Tier 1,4,Prepaid,Monthly Recharge,3,4,4
CUST_00934,0.612389920845707,662.78,Maharashtra,Tier 2,3,Prepaid,Monthly Recharge,2,4,5
CUST_02926,0.6118640977947265,1215.51,Madhya Pradesh,Tier 3,9,Prepaid,Monthly Recharge,2,1,5
CUST_00189,0.6114152331200072,294.2,Gujarat,Tier 2,20,Prepaid,Quarterly Recharge,2,4,1
CUST_04937,0.6111477759724369,519.56,Haryana,Tier 2,10,Prepaid,Monthly Recharge,2,4,2
CUST_03513,0.6101191872228628,449.93,Gujarat,Tier 1,1,Prepaid,Monthly Recharge,1,2,5
CUST_01282,0.6096464681834394,982.2,Karnataka,Tier 2,3,Prepaid,Monthly Recharge,3,3,4
CUST_03544,0.6094038057530654,545.43,Maharashtra,Tier 1,1,Prepaid,Monthly Recharge,0,5,4
CUST_03720,0.6092774894193204,1164.78,Kerala,Tier 3,2,Postpaid,Monthly Bill,4,4,5
CUST_02455,0.6089545963791403,840.42,Delhi,Tier 2,4,Prepaid,Monthly Recharge,1,4,3
CUST_03307,0.6081865086287908,903.53,Kerala,Tier 2,7,Prepaid,Monthly Recharge,3,2,4
CUST_03880,0.6078547594466662,599.73,West Bengal,Tier 2,2,Prepaid,Annual Recharge,3,4,2
CUST_03923,0.6075937852710249,654.19,Madhya Pradesh,Tier 2,1,Prepaid,Monthly Recharge,1,5,4
CUST_02079,0.6075442488625944,619.75,Haryana,Tier 3,20,Prepaid,Monthly Recharge,2,4,4
CUST_00154,0.607223731553316,1233.39,West Bengal,Tier 1,2,Postpaid,Monthly Bill,0,4,3
CUST_02046,0.6066770617609439,885.81,Karnataka,Tier 1,19,Prepaid,Monthly Recharge,1,2,3
CUST_01789,0.6065532568491081,925.95,Maharashtra,Tier 2,1,Prepaid,Monthly Recharge,3,4,5
CUST_00920,0.6064515326340612,1129.38,Gujarat,Tier 3,1,Postpaid,Annual Contract,3,4,3
CUST_00176,0.6055399703500884,671.73,Gujarat,Tier 2,42,Prepaid,Monthly Recharge,1,2,1
CUST_04620,0.6054639794617114,1129.5,Madhya Pradesh,Tier 3,7,Prepaid,Monthly Recharge,1,1,5
CUST_00247,0.6052754688418193,343.29,Punjab,Tier 2,4,Prepaid,Monthly Recharge,1,4,3
CUST_04710,0.604841247932603,1173.62,Rajasthan,Tier 3,24,Postpaid,Annual Contract,1,3,2
CUST_02985,0.6037523671144518,912.09,Karnataka,Tier 2,18,Prepaid,Quarterly Recharge,2,4,2
CUST_01512,0.6035285013244996,686.85,Punjab,Tier 2,5,Prepaid,Quarterly Recharge,6,4,3
CUST_00122,0.6030138571482625,684.56,Delhi,Tier 3,24,Prepaid,Monthly Recharge,3,2,5
CUST_00835,0.6026772592427869,863.63,Tamil Nadu,Tier 2,8,Prepaid,Monthly Recharge,2,4,2
CUST_01608,0.6021389141962576,315.19,Kerala,Tier 2,24,Prepaid,Quarterly Recharge,2,4,1
CUST_00449,0.6014840500555982,1368.78,Rajasthan,Tier 2,31,Prepaid,Monthly Recharge,1,3,5
CUST_01323,0.6013283373670316,1225.56,West Bengal,Tier 1,2,Postpaid,Monthly Bill,1,4,3
